{"cameraMode":{"drawMode":0,"name":"Shaded","section":"Shading Mode"},"sceneLighting":false,"audioPlay":false,"sceneViewState":{"m_AlwaysRefresh":false,"showFog":true,"showSkybox":false,"showFlares":true,"showImageEffects":true,"showParticleSystems":true,"showVisualEffectGraphs":true,"m_FxEnabled":true},"in2DMode":false,"pivot":{"x":-0.04739529639482498,"y":0.785051703453064,"z":0.9477720856666565},"rotation":{"x":0.05782899260520935,"y":0.31175702810287478,"z":0.019004616886377336,"w":-0.9483368992805481},"size":0.8918482661247253,"orthographic":false}