{"cameraMode":{"drawMode":0,"name":"Shaded","section":"Shading Mode"},"sceneLighting":true,"audioPlay":false,"sceneViewState":{"m_AlwaysRefresh":false,"showFog":true,"showSkybox":true,"showFlares":true,"showImageEffects":true,"showParticleSystems":true,"showVisualEffectGraphs":true,"m_FxEnabled":true},"in2DMode":false,"pivot":{"x":16.020227432250978,"y":19.21735382080078,"z":27.41592788696289},"rotation":{"x":-0.000733334687538445,"y":0.9490476250648499,"z":-0.3161994516849518,"w":-0.0021293433383107187},"size":1.6834745407104493,"orthographic":false}