{"cameraMode":{"drawMode":0,"name":"Shaded","section":"Shading Mode"},"sceneLighting":true,"audioPlay":false,"sceneViewState":{"m_AlwaysRefresh":false,"showFog":true,"showSkybox":true,"showFlares":true,"showImageEffects":true,"showParticleSystems":true,"showVisualEffectGraphs":true,"m_FxEnabled":true},"in2DMode":false,"pivot":{"x":2.784181833267212,"y":20.890235900878908,"z":34.56426239013672},"rotation":{"x":0.0609915517270565,"y":0.9393430352210999,"z":-0.24845725297927857,"w":0.23013213276863099},"size":1.6834745407104493,"orthographic":false}